Metric,Condition_Factor,Condition_Level,Test_Factor,t_value,F_value,df,p_value,partial_eta_sq,N0,N1
Ave CGT,Sup,No,Sub,-0.9070697931394852,0.8227756096261085,47.43570603546613,0.36895487414717254,0.017049347214797478,25,25
Ave CGT,Sup,Yes,Sub,-1.7892711481474197,3.2014912415927856,44.502919397969016,0.08037808614599587,0.06711101130212377,25,25
Ave CGT,Sub,No,Sup,0.000928738478075624,8.625551606582264e-07,42.738542572095554,0.999263295617284,2.0182137511941994e-08,25,25
Ave CGT,Sub,Yes,Sup,-0.6588956724695005,0.43414350719903533,47.953636692107246,0.5131143485913885,0.00897217242474908,25,25
