Metric,Condition_Factor,Condition_Level,Test_Factor,t_value,F_value,df,p_value,partial_eta_sq,N0,N1
Ave P,Sup,No,Sub,1.6968567508020955,2.8793228327426448,40.030824623247966,0.09748740702187703,0.06710121040007444,25,25
Ave P,Sup,Yes,Sub,0.22208151922003402,0.04932020117907834,47.99187930826992,0.8251927923517922,0.001026623016966464,25,25
Ave P,Sub,No,Sup,1.8846258135415097,3.5518144570669974,41.240955027241874,0.06654110022553422,0.07929437045216005,25,25
Ave P,Sub,Yes,Sup,0.3202074784435455,0.10253282925117367,47.807684161879855,0.7502063993643602,0.00214010362904752,25,25
