Metric,Condition_Factor,Condition_Level,Test_Factor,t_value,F_value,df,p_value,partial_eta_sq,N0,N1
Ave RD,Sup,No,Sub,0.8104515455198384,0.6568317076354948,42.22081189502872,0.4222255417877432,0.015318745445113089,25,25
Ave RD,Sup,Yes,Sub,0.3000439899924981,0.0900263959306183,47.973873032807205,0.7654399041229994,0.0018730564311390584,25,25
Ave RD,Sub,No,Sup,2.0415944725344732,4.168107990283314,47.99895530759125,0.04670887198247176,0.07989922619341953,25,25
Ave RD,Sub,Yes,Sup,1.9045495275232298,3.627308902788958,41.55301602473522,0.06377687112683225,0.08028514422168698,25,25
