Metric,Condition_Factor,Condition_Level,Test_Factor,t_value,F_value,df,p_value,partial_eta_sq,N0,N1
Ave CT,Sup,No,Sub,0.9226680004137293,0.8513162389874696,47.15738823306449,0.3608771016471287,0.01773253930405598,25,25
Ave CT,Sup,Yes,Sub,0.9358845931066649,0.8758799716144278,47.77546243757394,0.35403940035719306,0.018003202547788436,25,25
Ave CT,Sub,No,Sup,1.7067579721729589,2.913022775575951,47.99524938608769,0.09433012462108988,0.057221010493646175,25,25
Ave CT,Sub,Yes,Sup,1.5114735385779083,2.2845522578212236,47.72709421592949,0.1372613318725599,0.04568040484370579,25,25
