Metric,Condition_Factor,Condition_Level,Test_Factor,t_value,F_value,df,p_value,partial_eta_sq,N0,N1
Ave CCU,Sup,No,Sub,0.9692748524795768,0.9394937396493054,40.88933690879404,0.33810680588366093,0.022460435185133926,25,25
Ave CCU,Sup,Yes,Sub,2.177901908154422,4.743256721542673,45.72125004987034,0.03460954302898125,0.09399193661057675,25,25
Ave CCU,Sub,No,Sup,0.4519397981641069,0.20424958116461367,43.65309324716575,0.6535500507855274,0.004657135339094811,25,25
Ave CCU,Sub,Yes,Sup,1.7364744909899217,3.0153436578587076,43.249220353777204,0.08959918557476351,0.06517609583655266,25,25
