Metric,Condition_Factor,Condition_Level,Test_Factor,t_value,F_value,df,p_value,partial_eta_sq,N0,N1
CC-Ave CGT,Sup,No,Sub,-0.6251640824684352,0.3908301300086005,47.999663009884124,0.5348243470639227,0.008076589111806413,25,25
CC-Ave CGT,Sup,Yes,Sub,-1.058222814736196,1.1198355256281975,42.729335451081425,0.29589978083457324,0.02553835114061781,25,25
CC-Ave CGT,Sub,No,Sup,-0.3601930568604365,0.12973903821046565,41.58355681298135,0.7205258793265821,0.0031102562279733837,25,25
CC-Ave CGT,Sub,Yes,Sup,-0.5621611388898246,0.3160251460779046,47.900331184337055,0.5766276120138336,0.0065543141400453645,25,25
