Metric,Condition_Factor,Condition_Level,Test_Factor,t_value,F_value,df,p_value,partial_eta_sq,N0,N1
CC-Ave CT,Sup,No,Sub,0.7472430643149695,0.5583721971668256,46.7295792809341,0.4586605347359727,0.01180791680995968,25,25
CC-Ave CT,Sup,Yes,Sub,0.642351198468055,0.4126150621733466,47.88052147611585,0.5237091100376621,0.008543969014027592,25,25
CC-Ave CT,Sub,No,Sup,1.5883545864954571,2.5228702924411546,47.249572641922015,0.11887622248827381,0.05068809452990203,25,25
CC-Ave CT,Sub,Yes,Sup,1.186995779236041,1.4089589799241764,45.418090954502944,0.24140082228475856,0.030088570215231807,25,25
