Metric,Condition_Factor,Condition_Level,Test_Factor,t_value,F_value,df,p_value,partial_eta_sq,N0,N1
CC-Ave CCU,Sup,No,Sub,0.9511819681207552,0.9047471364780733,41.39648701651512,0.34703281388004825,0.021388197167151787,25,25
CC-Ave CCU,Sup,Yes,Sub,2.0508989123076162,4.206186348504564,45.469455939162486,0.04606555356598487,0.08467301387160588,25,25
CC-Ave CCU,Sub,No,Sup,0.6449949213434424,0.4160184485588334,43.235628949870765,0.5223384961569235,0.009530418056428267,25,25
CC-Ave CCU,Sub,Yes,Sup,1.7985264707177777,3.234697465872545,43.8408154577116,0.07898082247069113,0.06871295212700719,25,25
