Metric,Condition_Factor,Condition_Level,Test_Factor,t_value,F_value,df,p_value,partial_eta_sq,N0,N1
CC-Ave RD,Sup,No,Sub,1.1559015971056803,1.3361085021914625,43.75640261656881,0.2539940001330865,0.02963038582332551,25,25
CC-Ave RD,Sup,Yes,Sub,0.4257714714639519,0.1812813459125788,47.67026440798109,0.6721906019039775,0.003788411493432853,25,25
CC-Ave RD,Sub,No,Sup,2.089848080850737,4.36746500103551,47.1021664179964,0.04205679317430705,0.0848551831560339,25,25
CC-Ave RD,Sub,Yes,Sup,1.586335106253792,2.5164590693332296,44.95209553699943,0.11967363653591244,0.053013180835245304,25,25
