Metric,Condition_Factor,Condition_Level,Test_Factor,t_value,F_value,df,p_value,partial_eta_sq,N0,N1
CC-Ave P,Sup,No,Sub,1.9884516782653239,3.953940076796183,37.72818025514989,0.054051969935177316,0.09485937964067051,25,25
CC-Ave P,Sup,Yes,Sub,-0.052526488611076255,0.0027590320058095237,47.2794458069855,0.9583304998278833,5.835243968010319e-05,25,25
CC-Ave P,Sub,No,Sup,2.082379054626971,4.336302527149117,39.738719708812376,0.04379050218608419,0.09838457945487004,25,25
CC-Ave P,Sub,Yes,Sup,-0.08212274893533611,0.0067441458926962485,46.01634080656786,0.9349052816101309,0.0001465383274429039,25,25
