Metric,Condition_Factor,Condition_Level,Test_Factor,t_value,F_value,df,p_value,partial_eta_sq,N0,N1
CCC Score,Sup,No,Sub,-0.6437516505692679,0.41441618761065674,45.55436407796467,0.5229644538744469,0.009015166058713133,25,25
CCC Score,Sup,Yes,Sub,0.542758883568076,0.29458720569206426,47.86778107181051,0.5898141969600277,0.006116543189793071,25,25
CCC Score,Sub,No,Sup,-0.4484563325665805,0.20111308221906746,47.92309908407508,0.655845053357257,0.004179041550313952,25,25
CCC Score,Sub,Yes,Sup,0.7243488947111799,0.524681321269308,45.78758338139241,0.4725367410664728,0.011329208896129686,25,25
