Metric,Condition_Factor,Condition_Level,Test_Factor,t_value,F_value,df,p_value,partial_eta_sq,N0,N1
CCH-RD,Sup,No,Sub,-1.7422050101548952,3.0352782974088184,44.22538027245293,0.08842383798492068,0.06422420654426562,25,25
CCH-RD,Sup,Yes,Sub,-0.9782417281472298,0.9569568786884786,46.601616307081606,0.3330059978212576,0.02012164820316367,25,25
CCH-RD,Sub,No,Sup,-1.2465765121132173,1.553953000552354,38.880339268225214,0.2200110253157398,0.038431561760072674,25,25
CCH-RD,Sub,Yes,Sup,-0.8670172356518786,0.7517188869174252,41.88090152323125,0.3908730722129041,0.01763248141178014,25,25
