Metric,Condition_Factor,Condition_Level,Test_Factor,t_value,F_value,df,p_value,partial_eta_sq,N0,N1
CCH-CCU,Sup,No,Sub,1.0997443841578287,1.209437710486682,40.31322128787691,0.27796764727057227,0.02912717392531018,25,25
CCH-CCU,Sup,Yes,Sub,-0.037360774538816505,0.0013958274741402796,44.15103076728642,0.9703657670401336,3.161383375259194e-05,25,25
CCH-CCU,Sub,No,Sup,1.025768275495528,1.0522005550130693,47.806280551866614,0.3101633211081494,0.02153567878443341,25,25
CCH-CCU,Sub,Yes,Sup,0.15134142065589684,0.02290422560614512,45.71281944068762,0.8803723151388774,0.0005007950846752434,25,25
