Metric,Condition_Factor,Condition_Level,Test_Factor,t_value,F_value,df,p_value,partial_eta_sq,N0,N1
CCH-CT,Sup,No,Sub,0.20178046329212776,0.040715355366385715,45.441054064966856,0.8409889677781615,0.0008952016573960151,25,25
CCH-CT,Sup,Yes,Sub,-1.6864351791297856,2.844063613406512,47.95616592622454,0.09820805487708206,0.05598525123174409,25,25
CCH-CT,Sub,No,Sup,1.2143233183211533,1.474581121418497,46.64057500897495,0.23073699277449963,0.03064691544224319,25,25
CCH-CT,Sub,Yes,Sup,-0.5711427758893299,0.32620407045056937,47.92620151806394,0.5705715792705999,0.006760369073251252,25,25
