Metric,Condition_Factor,Condition_Level,Test_Factor,t_value,F_value,df,p_value,partial_eta_sq,N0,N1
CCH-P,Sup,No,Sub,-3.0534733540050807,9.323699523619037,33.426112572009984,0.00441633491235524,0.2180991931090229,25,25
CCH-P,Sup,Yes,Sub,0.21115426664809273,0.04458612432369385,47.99226375372748,0.8336609691187502,0.0009281650324049659,25,25
CCH-P,Sub,No,Sup,-2.401894795407806,5.769098608207106,36.777438989988674,0.021478875804946836,0.1355950198037207,25,25
CCH-P,Sub,Yes,Sup,0.9950167492273545,0.990058331242972,46.83806556863603,0.32484097947863044,0.02070033801274561,25,25
