Metric,Condition_Factor,Condition_Level,Test_Factor,t_value,F_value,df,p_value,partial_eta_sq,N0,N1
CCTF-RD,Sup,No,Sub,-2.2299648110369144,4.9727430584629015,47.96608065008135,0.030465069942542014,0.09393376562049126,25,25
CCTF-RD,Sup,Yes,Sub,0.2235231741040831,0.04996260936156424,47.492389182173355,0.824087058974185,0.0010509074010608844,25,25
CCTF-RD,Sub,No,Sup,-2.8595794571858315,8.177194671959215,45.4495069693063,0.0063850990408075015,0.15248364008400808,25,25
CCTF-RD,Sub,Yes,Sup,-0.5772125706557896,0.33317435172306487,43.83438707957105,0.5667488393871838,0.007543417406943374,25,25
