Metric,Condition_Factor,Condition_Level,Test_Factor,t_value,F_value,df,p_value,partial_eta_sq,N0,N1
CCTF-CGT,Sup,No,Sub,-0.481755012297712,0.23208789187396864,47.05914174329915,0.6322129201683367,0.004907630731203317,25,25
CCTF-CGT,Sup,Yes,Sub,-0.18383068115988502,0.0337937193357073,47.33367940473804,0.8549315538544537,0.0007134372409351133,25,25
CCTF-CGT,Sub,No,Sup,-0.41688204984403987,0.17379064348216855,40.441407860790584,0.6789692919225776,0.004278955905235466,25,25
CCTF-CGT,Sub,Yes,Sup,-0.24029675452861474,0.05774253023698533,46.180063654036935,0.8111637561801827,0.0012488163907876822,25,25
