Metric,Condition_Factor,Condition_Level,Test_Factor,t_value,F_value,df,p_value,partial_eta_sq,N0,N1
CCTF-CCU,Sup,No,Sub,0.8655255905529591,0.7491345479020486,46.958190299805864,0.3911509318846019,0.01570271546965687,25,25
CCTF-CCU,Sup,Yes,Sub,1.2436879005640835,1.5467595940094976,46.89339190042463,0.21979601218786482,0.03193135335646552,25,25
CCTF-CCU,Sub,No,Sup,1.0361909694350286,1.0736917251387044,47.9613514379202,0.30530937141904746,0.021896416437695358,25,25
CCTF-CCU,Sub,Yes,Sup,1.6475601920057992,2.714454586282186,47.9732521531166,0.1059784213554387,0.0535525231046265,25,25
