Metric,Condition_Factor,Condition_Level,Test_Factor,t_value,F_value,df,p_value,partial_eta_sq,N0,N1
CCTF-CT,Sup,No,Sub,-0.5266184681421974,0.27732701098843454,46.883291434638345,0.600941375769091,0.0058804786732848955,25,25
CCTF-CT,Sup,Yes,Sub,0.22605426164426562,0.0511005292075341,47.64139566444908,0.8221262547673912,0.0010714584743067145,25,25
CCTF-CT,Sub,No,Sup,0.17038397742083258,0.029030699761742787,46.69594974561218,0.8654442697707778,0.0006213100462542198,25,25
CCTF-CT,Sub,Yes,Sup,0.901143528565247,0.8120596590750242,47.74050133228379,0.3720357779886041,0.016725372307746057,25,25
