Metric,Condition_Factor,Condition_Level,Test_Factor,t_value,F_value,df,p_value,partial_eta_sq,N0,N1
CCTF-P,Sup,No,Sub,-1.1611996569361094,1.348384643268538,46.82768970919126,0.2514458464415343,0.02798867822653324,25,25
CCTF-P,Sup,Yes,Sub,1.1871966562901515,1.409435900706516,45.17087389071476,0.24135596790699793,0.030258190789578917,25,25
CCTF-P,Sub,No,Sup,-2.671370386532737,7.136219742044064,43.42601155684464,0.010592458302386127,0.14113735803824998,25,25
CCTF-P,Sub,Yes,Sup,-0.4408252604489646,0.19432691024989746,47.706922227612445,0.6613307515926161,0.004056823438792051,25,25
