run_id,turn,avg_within,avg_between,count_within,count_between
32,1,3.2183644329869123,2.9199759127532965,14,77
32,2,3.7069375225936363,2.827635405998631,14,77
32,3,3.3955079283701934,2.9989259602223814,14,77
32,4,3.7809801083619474,3.22912962732399,14,77
32,5,4.09420529976294,2.994981515713687,14,77
32,6,3.6384537125953487,3.0983160395416345,14,77
32,7,4.048934433858918,3.1917027218775678,14,77
32,8,3.934897905112179,3.39280255445513,14,77
