run_id,turn,avg_within,avg_between,count_within,count_between
32,1,3.1722837620518596,3.016747850918567,14,77
32,2,3.7043718706160655,3.144922132346391,14,77
32,3,3.7932357185759797,3.402385297582103,14,77
32,4,4.031544118756236,3.593970998806168,14,77
32,5,4.30007000690579,3.2609160877290995,14,77
32,6,3.9324936655723084,3.3362495617237156,14,77
32,7,4.009319432567374,3.558460870732564,14,77
32,8,3.760867148522048,3.5957861006173206,14,77
