run_id,turn,avg_within,avg_between,count_within,count_between
55,1,3.712604105956808,3.618067616678476,16,75
55,2,3.7333427975117726,3.517551818813491,16,75
55,3,3.826093847569405,3.1316428979342237,16,75
55,4,3.7094691381754274,3.1674275945449963,16,75
55,5,3.3977132985802454,3.147670707336821,16,75
55,6,3.546948085724927,3.4611338187955827,16,75
55,7,3.3008183784808827,3.5175061452201013,16,75
55,8,3.6427140840605277,3.2679615867972704,16,74
