run_id,turn,avg_within,avg_between,count_within,count_between
21,1,3.6445712721555075,3.3878352225351436,20,71
21,2,3.6575006990639816,3.111437418791504,20,71
21,3,3.5780806102619933,3.27804861902057,20,71
21,4,3.2148764403130534,2.789850447781929,20,71
21,5,3.652401066193261,3.0776023544587696,20,71
21,6,3.7646146813066608,3.226103857551961,20,71
21,7,3.747378505067993,3.143175457599355,20,71
21,8,3.6777490491953118,2.891934474711152,20,71
