run_id,turn,avg_within,avg_between,count_within,count_between
97,1,3.8784257330155425,3.5595541726616435,20,71
97,2,3.5630166457073367,3.5523191339640996,20,71
97,3,3.662915941208291,3.6372832868485756,20,71
97,4,3.4628626164330747,3.141164224250663,20,71
97,5,3.5173434917365456,3.1337830218312104,20,71
97,6,3.759142548247536,3.4942570799453088,20,71
97,7,3.7293223622462164,3.3922194528136123,20,71
97,8,3.5895895965992097,3.292381143097969,20,71
