run_id,turn,avg_within,avg_between,count_within,count_between
91,1,3.57169975409331,3.434079110058108,26,65
91,2,3.746363790980991,3.4198784569103453,26,65
91,3,3.519572778689482,3.4628843781984826,26,65
91,4,3.5778992860040777,3.416613924763057,26,65
91,5,3.5350257723151084,3.3013781223189502,26,65
91,6,3.614375874499328,3.368907994097173,26,64
91,7,2.9586717269856617,3.17849843795821,26,65
91,8,3.0749925436066836,3.2786507704108936,26,65
