run_id,turn,avg_within,avg_between,count_within,count_between
33,1,3.6256919720449474,3.281466216862659,32,59
33,2,3.4523821466289686,3.0866565127248933,32,59
33,3,3.692129846700993,3.289014462854853,32,59
33,4,3.680748099561823,3.0332661957059983,32,59
33,5,3.8593536121089986,3.7470784993109083,32,59
33,6,3.1529771859022206,3.0428326185289114,32,59
33,7,3.086264756436047,2.77081171687854,32,59
33,8,3.1414449627830625,2.4137392004929725,32,59
