run_id,turn,avg_within,avg_between,count_within,count_between
57,1,3.5682860323394285,3.352968865257758,18,73
57,2,3.473499911591147,2.7837418859551115,18,73
57,3,3.6628172382954935,3.2167861937252984,18,73
57,4,3.713465309619576,3.3834761842778165,18,73
57,5,3.2512167634421805,3.0778798818446926,18,73
57,6,3.350192992597429,3.0240749699864686,18,73
57,7,3.5044186801455104,3.279692290302296,18,73
57,8,3.70546785401056,3.55964705394872,18,73
