run_id,turn,avg_within,avg_between,count_within,count_between
89,1,3.540765370384199,3.3349374161549044,10,81
89,2,3.663606040573756,3.447188618900398,10,81
89,3,3.8152581023324954,3.0661790871751418,10,81
89,4,3.6123035703309747,3.5082735459285908,10,81
89,5,3.7113724947851736,3.4736910115221336,10,81
89,6,3.4103372583480374,3.3630904308872203,10,81
89,7,3.3516518503509394,3.3196420648823888,10,80
89,8,3.1216354387701655,2.9680286117129007,10,80
