run_id,turn,avg_within,avg_between,count_within,count_between
86,1,3.532213661400211,3.2736242414496823,32,59
86,2,3.2693536648682024,3.05492289232455,32,59
86,3,3.546361867386628,3.329560258554026,32,59
86,4,3.7493557136485958,3.4846585090414472,32,59
86,5,3.7084517723828725,3.5059867485655354,32,59
86,6,3.240350307700339,3.011339075830902,32,58
86,7,3.539545986727397,2.984710657250338,32,59
86,8,3.2254773386435662,2.9800442306912185,32,59
