run_id,turn,avg_within,avg_between,count_within,count_between
15,1,3.3890838256862654,3.122864222164899,30,61
15,2,3.7620142865070436,3.2449816308876223,30,61
15,3,3.8107219933812524,3.321851086879743,30,61
15,4,3.4267330626555763,3.344727488283637,30,61
15,5,3.427516947872381,3.5083901770121977,30,61
15,6,3.6584891635989343,3.391378944300828,30,61
15,7,3.4666909674333537,3.3347540837344876,30,61
15,8,3.446717411010437,3.355915431477809,30,61
