run_id,turn,avg_within,avg_between,count_within,count_between
68,1,3.795893006573917,3.3280981709035613,20,71
68,2,3.838958951682038,3.4529189177624295,20,71
68,3,3.9095469925534543,3.4845831415016617,20,71
68,4,3.3485280935337256,3.3357787579073617,20,71
68,5,3.261484509073706,2.9042845680275886,20,71
68,6,3.527895224725661,3.5260011654506345,20,71
68,7,3.833295603826147,3.640976651591423,20,71
68,8,3.6126305556364082,3.212366619506508,20,71
