run_id,turn,avg_within,avg_between,count_within,count_between
23,1,3.299319950068852,3.3625813586248925,22,69
23,2,3.767164608127105,3.360325423051293,22,69
23,3,3.3611914110928423,2.949082920488416,22,69
23,4,3.6526150821887797,3.0696572502774946,22,69
23,5,3.404479200332074,2.6339698579988697,22,69
23,6,3.7983201601425467,2.878815853437988,22,69
23,7,3.533667486492877,2.9017081565215483,22,69
23,8,3.349775039326271,3.2139608417601235,22,69
