run_id,turn,avg_within,avg_between,count_within,count_between
73,1,3.581881181592173,3.5244829489070617,22,69
73,2,3.6888420514119447,3.0932234388044737,22,69
73,3,3.7951395637924885,3.5377861662238757,22,69
73,4,3.8904113173253196,3.6427443368836605,22,69
73,5,3.7672790167896903,3.468569817475226,22,69
73,6,3.6611757431035774,3.416459717509513,22,69
73,7,3.8986258784178016,3.676342383258202,22,69
73,8,4.010292310300818,3.37694750855523,22,68
