run_id,turn,avg_within,avg_between,count_within,count_between
5,1,3.5286715852032353,3.041109375249346,18,73
5,2,3.8247545511963748,3.2791898809189943,18,73
5,3,3.7859917754043426,3.380072964765652,18,73
5,4,3.7816396695400005,3.354167482027355,18,73
5,5,3.5156032867834512,3.255292207361504,18,73
5,6,3.7845348414233078,3.0586850858315677,18,73
5,7,3.4645901467558557,3.040231941135595,18,73
5,8,3.7074618240905175,3.3585604644153473,18,73
