run_id,turn,avg_within,avg_between,count_within,count_between
45,1,3.8283078445863117,3.0407071335962246,14,77
45,2,3.9632181017349533,3.5286441027245252,14,77
45,3,3.8395982419232664,3.3423248137647494,14,77
45,4,3.9635055966460393,3.472148525016472,14,77
45,5,3.7504229572434196,3.729822934078955,14,77
45,6,3.9919155148940866,3.7652958379222996,14,77
45,7,3.96583988579854,3.67994390956453,14,77
45,8,3.684591828397655,3.360641667377645,14,77
