run_id,turn,avg_within,avg_between,count_within,count_between
64,1,3.76158303902902,3.6765023618626618,18,73
64,2,3.901880031853626,3.6848488316424106,18,73
64,3,3.9804030441029337,3.4500580166209343,18,73
64,4,3.987268300087709,3.6751642484736395,18,73
64,5,3.9468844433900574,3.510942337765975,18,73
64,6,3.6504515529393364,3.6422230305626955,18,73
64,7,3.7091630050852467,3.647673048190646,18,73
64,8,3.6514177340801997,3.5368940334904,18,73
