run_id,turn,avg_within,avg_between,count_within,count_between
16,1,3.5808861161085033,3.5408866160999346,22,69
16,2,3.190133101332933,3.169812584716462,22,69
16,3,3.836879179688135,3.547172778275611,22,69
16,4,3.7053582978366353,3.6433421827557306,22,69
16,5,3.4138585366097685,3.650289449833403,22,69
16,6,3.7212175837520904,3.6474158551444233,22,69
16,7,3.8380047290666766,3.6281051125156396,22,69
16,8,3.821202428644216,3.5772034466885585,22,69
