run_id,turn,avg_within,avg_between,count_within,count_between
28,1,3.565393117698151,3.117509089605534,18,73
28,2,3.4904884548898085,3.1732610503928114,18,73
28,3,3.4770011011554063,3.3046720366192393,18,72
28,4,3.3257035622511832,3.092599606122459,18,73
28,5,3.7141574053234145,3.1902368772294616,18,73
28,6,3.8479100390486574,3.0760788098670164,18,73
28,7,3.5663144506051245,3.2777740136621967,18,73
28,8,3.3191298414693025,3.073755493305547,18,73
