run_id,turn,avg_within,avg_between,count_within,count_between
11,1,3.714798463775728,3.0618827304088643,14,77
11,2,3.8129038967093813,3.0355221072377314,14,77
11,3,3.734182377887429,2.9913095789201565,14,77
11,4,3.733988388279657,3.398089549492436,14,77
11,5,4.000139325509958,3.640241331097091,14,77
11,6,4.002902545092953,3.7473884700753284,14,76
11,7,3.408203491688062,3.5888892344821093,14,77
11,8,3.8697648502911726,3.7972968753285072,14,77
