run_id,turn,avg_within,avg_between,count_within,count_between
82,1,3.5277114892014474,3.1150796711557485,20,71
82,2,3.6731790860232296,3.036750822931812,20,71
82,3,3.5627953489550364,3.0736123593002684,20,71
82,4,3.5844608620326435,3.16302518907983,20,70
82,5,3.8482759752602136,3.3953211330534234,20,71
82,6,3.928409054116087,3.457407064012862,20,71
82,7,3.2654632320907337,2.9950272256766395,20,71
82,8,2.7788017046190996,2.6585318905082778,20,71
