run_id,turn,avg_within,avg_between,count_within,count_between
85,1,3.842944721170374,3.4250464529479627,30,61
85,2,3.9097905852189068,3.5101776898726786,30,61
85,3,3.7428888015088027,3.587167888757762,30,61
85,4,3.992592682909005,3.788722215268443,30,61
85,5,3.9920067893268163,3.913703655277061,30,61
85,6,3.6526546089247285,3.53100048298141,30,61
85,7,3.5178359485786745,3.4066370481951065,30,61
85,8,3.841798779224669,3.440922634487507,30,61
