run_id,turn,avg_within,avg_between,count_within,count_between
9,1,3.646868743689687,3.09990694080464,20,71
9,2,3.6446759503097432,3.463474991064139,20,71
9,3,3.6402353609673086,3.440784500123688,20,71
9,4,3.5301629709887288,3.2519939443459838,20,70
9,5,3.1113743103340132,2.9246667208067936,20,71
9,6,3.5006549572885737,3.3773761076943845,20,71
9,7,3.8273000576028466,3.683456116607415,20,71
9,8,3.826204461012332,3.5808601798067343,20,71
