run_id,turn,avg_within,avg_between,count_within,count_between
41,1,3.8806934803016353,3.6812853627856796,20,71
41,2,3.582059306813263,3.086358906379154,20,71
41,3,3.8704136229973294,3.617445210300669,20,71
41,4,3.6800910592402545,3.678365097826458,20,71
41,5,3.7659488048840943,3.672507205390322,20,71
41,6,3.916816936496699,3.770157197714806,20,71
41,7,3.1539977872854648,3.098460702359363,20,71
41,8,3.389845148235941,3.323847395899055,20,71
