run_id,turn,avg_within,avg_between,count_within,count_between
19,1,3.7901276168413998,3.44314966308457,16,75
19,2,3.523670365724847,3.636861896387044,16,74
19,3,3.6817742614750566,3.315832054997513,15,75
19,4,3.607414880620585,3.586502056693879,16,75
19,5,3.722097620406487,3.2128727467437135,16,75
19,6,3.515878977767592,3.319611307546108,16,75
19,7,3.495742420729969,3.6029785288614917,16,75
19,8,3.3930533467951838,3.4306851092132122,16,75
