run_id,turn,avg_within,avg_between,count_within,count_between
18,1,3.7371260378002376,3.6056836110668504,20,71
18,2,3.4988549198560555,3.1609803602646203,20,71
18,3,3.5702951806193965,3.4326751448458115,20,71
18,4,3.550130361421151,3.2650130845327294,20,71
18,5,3.7365316350700875,3.320303353571498,20,71
18,6,3.863821479190002,3.5977692446461944,20,71
18,7,3.7377224166909215,3.657400835584504,20,71
18,8,3.9199896015288074,3.692789845520304,20,71
