run_id,turn,avg_within,avg_between,count_within,count_between
37,1,3.565493332009674,3.0598426351410812,26,64
37,2,3.7187250575551363,3.149935569521364,26,65
37,3,3.860104704844601,3.1480553546796344,26,65
37,4,3.6764107145833793,3.0558142167860427,26,65
37,5,3.2686923106521024,3.2114605502713967,26,65
37,6,3.102981588239149,3.23501999914267,26,65
37,7,2.795355090381574,2.8179531038238315,26,65
37,8,2.8560362386755966,2.7978349736919217,26,65
