run_id,turn,avg_within,avg_between,count_within,count_between
78,1,3.588252037217632,3.570876870020564,18,73
78,2,4.011801124890086,3.7123195905647735,18,73
78,3,3.9857949745389334,3.7987045953278655,18,73
78,4,3.564402830257261,3.2491666406445945,18,73
78,5,3.009318614430816,3.155697271617882,18,73
78,6,3.847786870472972,3.7225457869431073,18,73
78,7,3.882954121497569,3.665977946261916,18,73
78,8,3.758575866709988,3.5487239945217004,18,73
