run_id,turn,avg_within,avg_between,count_within,count_between
81,1,3.4835346122777784,3.1117709742549824,20,71
81,2,3.900856764635386,3.87213019941225,20,71
81,3,3.576194268675418,3.5190206402808535,20,71
81,4,3.532586681651201,3.4771352570475953,20,71
81,5,3.6462025564580385,3.158045338270083,20,70
81,6,3.6031364680476585,2.8361964704845137,20,71
81,7,3.9265905546709483,3.548176485767215,20,71
81,8,3.8161906743862573,3.7663066699769123,20,71
