run_id,turn,avg_within,avg_between,count_within,count_between
70,1,3.713884688736002,3.4726211517520045,22,69
70,2,3.861446300426899,3.3353484849362607,22,69
70,3,3.729501263961146,3.2666494111350524,22,69
70,4,3.5072411463902173,3.1321834439318703,22,69
70,5,3.6616873605564093,3.3277282948435576,22,69
70,6,3.9317718226006693,3.4692031685999827,22,69
70,7,3.808086477176156,3.5040038066848243,22,69
70,8,3.6962791106600217,3.4523895865991383,22,69
