run_id,turn,avg_within,avg_between,count_within,count_between
83,1,3.7700710592973743,3.175026427411342,20,71
83,2,3.813228945966806,3.7126244671726965,20,71
83,3,3.750853436343079,3.8394442588498285,20,71
83,4,3.694357064833877,3.4657139125127445,20,71
83,5,3.7610161658061445,3.213288632229261,20,71
83,6,3.6523924173618143,3.270237768766297,20,71
83,7,3.598302855740047,3.493404684652241,20,71
83,8,3.551391938636967,3.535410054184919,20,71
