run_id,turn,avg_within,avg_between,count_within,count_between
51,1,3.66010967925411,3.304222686471085,20,71
51,2,3.410693267269548,2.9638712252194646,20,71
51,3,3.4726803683975946,3.1505267056316693,20,71
51,4,3.667182299769479,3.229135481160668,20,71
51,5,3.7681293439477272,3.53767389714207,20,71
51,6,3.5431409698612137,3.3049652631139,20,71
51,7,3.5844668928747936,3.4863723184665387,20,71
51,8,3.8172285323702084,3.522890649289566,20,71
