run_id,turn,avg_within,avg_between,count_within,count_between
90,1,3.2567205694895027,3.4859312331620016,26,65
90,2,3.5779579027643797,3.3598717947405823,26,65
90,3,3.247257483847399,2.9039899882351365,26,65
90,4,3.5524355975011113,2.9211522476448164,26,65
90,5,3.6123484589729316,3.368599578222683,26,65
90,6,3.3822269501300464,3.475228271112923,26,65
90,7,3.1366661737182566,3.3640238704340972,26,65
90,8,3.5196378266103228,3.427376704573891,26,65
