run_id,turn,avg_within,avg_between,count_within,count_between
8,1,3.6359568600635943,3.016277590886562,26,65
8,2,3.703328751881304,3.5538253331418392,26,65
8,3,3.404839668496663,3.211451120797679,26,65
8,4,3.793255038156617,3.4212205564548337,26,65
8,5,3.589254033007001,3.2987734457621873,26,65
8,6,3.3256184951272845,3.3927256200844496,26,65
8,7,3.1421144110320496,3.1726307024359506,26,65
8,8,3.283141276967539,2.982606851743601,26,65
