run_id,turn,avg_within,avg_between,count_within,count_between
94,1,3.370359244542615,3.216939191803249,20,71
94,2,3.77236028560932,3.353280021883987,20,71
94,3,3.577516213666114,3.569630892948127,20,71
94,4,3.452021589175043,3.390650580352864,20,71
94,5,3.43433536059647,3.0689571058446092,20,71
94,6,3.4875019629416593,3.3056525288326823,20,71
94,7,3.4124544490808852,3.067932207804253,20,71
94,8,3.398918567544765,3.3432114462852276,20,71
