run_id,turn,avg_within,avg_between,count_within,count_between
44,1,3.82170523969607,3.4433157976114974,16,75
44,2,3.9939843505928714,3.390093804589377,16,75
44,3,3.7293051057877444,3.4570793011622176,16,75
44,4,3.3716694973125434,3.3621357405891272,16,75
44,5,3.5716982143019504,3.1902730266140438,16,75
44,6,3.358715607190648,2.9861109974407385,16,75
44,7,3.497023104673279,3.201718071738524,16,75
44,8,2.8682885530371016,2.808624287718234,16,75
