run_id,turn,avg_within,avg_between,count_within,count_between
52,1,3.824045399846252,3.5381607059682016,20,71
52,2,3.618360619937321,3.5849916880928387,20,71
52,3,3.834636728925871,3.600017213875074,20,71
52,4,3.420145283157594,2.9222527951926045,20,71
52,5,3.1319168734271234,2.9352432779105277,20,71
52,6,2.852765416929687,2.667576757818104,20,71
52,7,3.5503907586390193,3.3807308605440074,20,71
52,8,3.592907273985849,3.3486772744175064,20,71
