run_id,turn,avg_within,avg_between,count_within,count_between
29,1,3.4480790496536167,3.340669155046335,16,74
29,2,3.514398085295485,3.54404381061927,16,75
29,3,3.94320903898116,3.727141753049581,16,75
29,4,3.8011994821498303,3.7217569242314466,16,75
29,5,3.9092362320316782,3.919590003331074,16,75
29,6,4.01195455201634,3.85568919952569,16,75
29,7,3.4278286364308475,3.5111366849536747,16,75
29,8,3.3968416747133414,3.5565499517826304,16,75
