run_id,turn,avg_within,avg_between,count_within,count_between
66,1,3.585495119024044,3.4236293825553035,18,73
66,2,3.7460305809744057,3.19852881823775,18,73
66,3,3.85723923556078,3.3437073948529683,18,73
66,4,3.7788735527296566,3.508121370457347,18,73
66,5,3.9423898262313264,3.4733818925081064,18,73
66,6,3.7557630374297375,3.392807083754631,18,73
66,7,3.6526428201059513,3.491940196493369,18,73
66,8,3.282474809368385,3.069142008951755,18,73
