run_id,turn,avg_within,avg_between,count_within,count_between
72,1,3.6808705425459984,3.2416466687952297,20,71
72,2,3.55998401642561,3.1303224124560125,19,70
72,3,3.653262180348013,3.032348225914776,20,71
72,4,3.635968697626364,3.3697636038887038,20,71
72,5,3.932877471936871,3.529497271556267,20,71
72,6,3.5092487068307165,3.576014833104164,20,71
72,7,3.4766033100085907,3.4265323975315236,20,71
72,8,3.953335982293454,3.3573483318085,20,71
