run_id,turn,avg_within,avg_between,count_within,count_between
69,1,3.7063380800607644,3.271980661006216,32,59
69,2,3.2234978432657235,3.1110636522183706,32,59
69,3,3.464187587302711,2.854404933986869,32,59
69,4,3.7546626356828203,3.1583922226382035,32,59
69,5,3.443822815110081,2.9375639949866352,32,59
69,6,3.7030784285220997,3.123197526038222,32,59
69,7,3.972914343857489,3.535379979919454,32,59
69,8,3.628539370275183,3.5926545911944494,32,59
