run_id,turn,avg_within,avg_between,count_within,count_between
36,1,3.9074070114955104,3.2795195328358235,20,71
36,2,3.740809408726263,3.75862275071012,20,71
36,3,3.4710538680657224,3.5534326292596066,20,71
36,4,3.5203048190190174,3.486256057880381,20,71
36,5,3.9071413337870284,3.794847115152708,20,71
36,6,3.6828599323345967,3.4526781526831907,20,70
36,7,3.5193819199515963,3.4982044397987226,20,71
36,8,3.041193870338174,3.169904052221588,20,71
