run_id,turn,avg_within,avg_between,count_within,count_between
20,1,3.6137194126226886,3.4829293605292384,10,81
20,2,3.7435639825965845,3.5445726368925787,10,81
20,3,4.0252991169577435,3.7160903122316102,10,81
20,4,3.747632118276953,3.4441290353356306,10,81
20,5,3.6874460609040476,3.7124466669544995,10,81
20,6,3.7523954855038077,3.7310167720628344,10,81
20,7,3.7810775467494984,3.6264443201013536,10,81
20,8,3.357569169010791,3.2796413247829626,10,81
