run_id,turn,avg_within,avg_between,count_within,count_between
87,1,3.7921228377989755,3.5139310610482597,20,71
87,2,3.104919369587707,2.9829734377815105,20,71
87,3,3.383444107182356,3.376795953747447,20,71
87,4,3.43374293094886,3.3789730396867075,20,71
87,5,3.400827286685279,3.404004928860088,20,71
87,6,3.4317366093750628,3.3469638476837558,20,71
87,7,3.5880162714075157,3.1803461052134763,20,71
87,8,3.8835575424731488,3.3543523980080256,20,71
