run_id,turn,avg_within,avg_between,count_within,count_between
22,1,3.611328957513879,3.3564983713548586,22,69
22,2,3.579068030811375,2.9505444771279317,22,69
22,3,3.887342890251847,3.4650497208077256,22,69
22,4,3.915311146683985,3.3514982846524486,22,69
22,5,3.859152753738569,3.5514522563712507,22,69
22,6,3.8758207497893964,3.5870469531772504,22,69
22,7,3.971091363314952,3.6962628273405715,22,69
22,8,3.8514226735063986,3.5256796374899158,22,69
