run_id,turn,avg_within,avg_between,count_within,count_between
12,1,3.462061939058045,3.4335776814246817,16,75
12,2,3.6899433719471144,3.5060595211473857,16,75
12,3,3.8864718865362624,3.7357006515583984,16,75
12,4,3.910830026844104,3.5384774568274397,16,75
12,5,3.6782721347901575,3.5376600077161577,16,75
12,6,3.823718101993953,3.7466765775662423,16,75
12,7,3.4118111488876584,3.4406527138080976,16,75
12,8,3.9315389949698902,3.8735985978201932,16,75
