run_id,turn,avg_within,avg_between,count_within,count_between
98,1,3.8168436045715546,3.3823321678698393,23,68
98,2,3.779316803946513,3.162755115304656,23,68
98,3,3.7070317956706442,3.578302079254243,23,68
98,4,3.737791380007307,3.5748389206185514,23,68
98,5,3.3232242878733977,3.1108411883746703,23,68
98,6,3.5710692119634744,3.2679207868022715,23,68
98,7,3.7249426320165098,3.6545874294705682,23,68
98,8,3.766288565936097,3.5276466145035004,23,68
