run_id,turn,avg_within,avg_between,count_within,count_between
59,1,3.3770037638558805,3.14651233174371,20,71
59,2,3.510955471083559,3.299190441411729,20,71
59,3,3.3252094356082877,3.2124016163810314,20,71
59,4,3.84651091861526,3.53396960867218,20,71
59,5,3.869368273535398,3.5816675501426842,20,71
59,6,3.691033603372444,3.582549465271606,20,70
59,7,3.3397282170932483,2.9237293599151823,20,71
59,8,3.0592977999593005,2.790768925971571,20,71
