run_id,turn,avg_within,avg_between,count_within,count_between
14,1,3.6362348387074337,3.4909384844171174,18,73
14,2,3.8450552820173747,3.5038892922777953,18,73
14,3,3.6410602318003984,3.2996018183264204,18,72
14,4,3.748131350227019,3.6137986180562454,18,73
14,5,3.84328382634245,3.407678582124262,18,73
14,6,3.4932254963711524,3.6495621986740665,18,73
14,7,3.9562939197050278,3.636348245237218,18,73
14,8,3.857269362344949,3.6690835397456647,18,73
