run_id,turn,avg_within,avg_between,count_within,count_between
17,1,3.5675209129450316,3.4932588406637075,32,58
17,2,3.690810624742179,3.5125386195883674,32,59
17,3,3.151878574710368,2.6793559060122005,32,59
17,4,2.9362591970863154,2.692176669776722,32,58
17,5,2.9241999128373557,2.5419029298769917,32,59
17,6,3.4806445788909803,3.271999736126936,32,59
17,7,3.5857932268494097,3.2774381868437517,32,59
17,8,3.7222370782280065,3.2941313515354147,32,59
