run_id,turn,avg_within,avg_between,count_within,count_between
63,1,3.618662510260488,3.3403044735279828,16,75
63,2,3.646198151305301,3.4156606911790437,16,75
63,3,3.5173652166275637,3.3667046526959714,16,75
63,4,3.946507825364736,3.7434335841597175,16,75
63,5,3.7602576210201555,3.5156782299337466,16,75
63,6,3.9382933697484583,3.823685929423981,16,75
63,7,3.9560984951298783,3.6057575533218937,16,75
63,8,3.58253056104155,2.8756956867747148,16,75
