run_id,turn,avg_within,avg_between,count_within,count_between
74,1,3.4178766190033727,3.3908273405709424,22,69
74,2,3.1259737952384965,3.0809444990330435,22,69
74,3,3.334077237926419,2.9065953679720495,22,69
74,4,3.8158675477695128,2.7034633821719805,22,69
74,5,3.8343704908732295,3.40986816984836,22,69
74,6,3.8606373896544905,3.642820675483701,22,69
74,7,3.5453819643995343,3.8706030982975874,22,69
74,8,3.957359993808296,3.4572671837754845,22,69
