run_id,turn,avg_within,avg_between,count_within,count_between
95,1,3.8528606910923573,3.560970467384561,30,61
95,2,3.7195348991711765,3.047511649528852,30,61
95,3,3.855993384856146,3.3076951927777842,30,61
95,4,3.95883087554993,3.5375196096184984,30,61
95,5,3.569406355045085,3.5097118591566345,30,61
95,6,3.476543802796906,3.4606946955293596,30,61
95,7,4.023186741037782,3.901805606734729,30,61
95,8,3.975854553265671,3.860035172126241,30,61
