run_id,turn,avg_within,avg_between,count_within,count_between
93,1,3.862109412799768,3.551903847389291,20,71
93,2,3.663832676148163,3.3379965274665424,20,71
93,3,3.560266104896251,2.9745024859624345,20,71
93,4,3.6531877036327574,3.571051521152299,20,71
93,5,3.7203184213130136,3.2509473039291312,20,71
93,6,3.6275766874881015,3.316319327202943,20,71
93,7,3.523599017547833,3.1905531232385482,20,71
93,8,3.3485589177777326,2.9002119272786593,20,71
