run_id,turn,avg_within,avg_between,count_within,count_between
47,1,3.9535228392598296,3.236314116659452,26,65
47,2,3.9741460788886824,3.7049163703848444,26,65
47,3,3.844198710747198,3.5326584115305466,26,65
47,4,3.7529196852636084,3.76235941552416,26,65
47,5,3.5698781123582393,3.335119519981424,26,65
47,6,3.9085711964199086,3.8711187251028956,26,65
47,7,3.8021396948078174,3.660426481163367,26,65
47,8,3.82852054377395,3.660735116013312,26,65
