run_id,turn,avg_within,avg_between,count_within,count_between
7,1,3.3169221482965883,3.248645079308809,14,77
7,2,3.8129107575669257,3.299907757714134,14,77
7,3,3.7399571418052195,3.4058211825352127,14,77
7,4,3.644562658347116,3.3360674603939016,14,77
7,5,3.9852081698660275,3.9436106299888776,14,77
7,6,3.88289232109766,3.712646755845477,14,77
7,7,3.961999163536302,3.6284796098814653,14,77
7,8,3.6175813212288985,3.163307506550823,14,77
