run_id,turn,avg_within,avg_between,count_within,count_between
99,1,3.456888283477842,3.4136821019000414,22,69
99,2,3.4119424220849726,3.3132326492109216,22,69
99,3,3.5709861405838907,3.1839233481175575,22,69
99,4,3.353314996882647,3.3255526505472153,22,69
99,5,3.6432698248407465,3.329287755037274,22,69
99,6,3.4601416571221972,3.470750156405583,22,69
99,7,3.718283834561194,3.657785893953083,22,69
99,8,3.003759697260035,2.9869436614441858,22,69
