run_id,turn,avg_within,avg_between,count_within,count_between
50,1,3.694845894628491,3.3266155918390714,14,77
50,2,3.7390104618197717,3.630001941228191,14,77
50,3,3.623147778482884,3.753892631763068,14,77
50,4,3.4640631761623726,3.7552272175771653,14,77
50,5,3.505639638558096,3.377798157357767,14,77
50,6,3.8037314064683097,3.941718354327255,14,77
50,7,3.7615141620222974,3.7231863174401094,14,77
50,8,3.7778689152159215,3.7344043560176936,14,77
