run_id,turn,avg_within,avg_between,count_within,count_between
3,1,3.919191177674097,3.4422101670202596,18,73
3,2,3.4139272054328327,3.0441049057494016,18,73
3,3,3.4049322589288584,3.2563220246281483,18,73
3,4,3.4935938261793167,3.146450034985716,18,73
3,5,3.466540777916599,3.098477142926806,18,73
3,6,2.802283441990385,2.845713504704329,18,73
3,7,3.1159526882153314,3.121326311224288,18,73
3,8,3.59668869082738,3.248956379719557,18,73
