run_id,turn,avg_within,avg_between,count_within,count_between
27,1,3.5479336876630647,3.5588953977985587,20,71
27,2,3.678215278655519,3.403312967261135,20,71
27,3,3.967404859790547,3.7651322533100164,20,71
27,4,3.7622188001652175,3.539139967909303,20,71
27,5,3.857758238348203,3.5822992460765115,20,71
27,6,4.031217931287273,3.891036673083989,20,71
27,7,3.453016473477527,3.4448340120032594,20,71
27,8,3.254896746218063,3.1510869951156812,20,71
