run_id,turn,avg_within,avg_between,count_within,count_between
30,1,3.8168287632620936,3.1626375963742186,14,77
30,2,3.714867690432724,2.9691017686657584,14,77
30,3,3.819321672940219,3.190297013647017,14,77
30,4,3.5932109518087776,3.233420595696402,14,77
30,5,3.7202136346898174,3.4047883618597226,14,77
30,6,3.5476221366567056,3.164562944226631,14,77
30,7,3.5173147789668704,3.389664566965527,14,77
30,8,3.839743832161468,3.428157531472315,14,77
