run_id,turn,avg_within,avg_between,count_within,count_between
48,1,3.8774406543666586,3.2542134740094535,14,77
48,2,4.043332805100745,2.9524148483567725,14,77
48,3,3.859580528671368,3.1899046868016323,14,77
48,4,3.765140883512636,3.6912115077730627,14,77
48,5,4.011061462864013,3.5469181847869375,14,77
48,6,3.878140099790401,3.574237262609343,14,77
48,7,3.848711576433615,3.3362501771826443,14,77
48,8,3.336801764340419,2.900965620619419,14,77
