run_id,turn,avg_within,avg_between,count_within,count_between
49,1,3.816908591960771,3.343744199927893,26,65
49,2,3.8801986176759735,3.701886018849813,26,65
49,3,3.9371719555120097,3.6638695461858575,26,65
49,4,3.9557572924977817,3.6906678222900293,26,65
49,5,4.019243214102967,3.470898094710497,26,65
49,6,4.020177055925331,3.696076985411096,26,64
49,7,3.269370680166872,3.5066459480092798,26,65
49,8,3.5509617980628794,3.5017903466187237,26,65
