run_id,turn,avg_within,avg_between,count_within,count_between
75,1,3.732365167134467,3.443159015819753,18,73
75,2,3.7659438111111805,3.0994883005417435,18,73
75,3,3.9371596289686304,3.368771601904119,18,73
75,4,3.970202348875752,3.8115048316905957,18,73
75,5,3.922839702165228,3.7438657004533162,18,73
75,6,3.694949551052103,3.7559763668048762,18,73
75,7,3.7791139405721847,3.722373907477447,18,73
75,8,3.3280484476035417,3.1402198670773904,18,73
