run_id,turn,avg_within,avg_between,count_within,count_between
35,1,3.5629394504822214,3.3588524967986215,22,69
35,2,3.8645797253932654,3.5333762637346298,22,69
35,3,3.945054818217427,3.625119669976297,22,69
35,4,3.489940590286153,3.4107986759082767,22,69
35,5,3.789888136899653,3.36974983863776,22,69
35,6,3.690380421838672,3.3867838182621246,22,69
35,7,3.9763459959118204,3.2477251396116853,22,68
35,8,3.8060530710363465,3.504130448562221,22,69
