run_id,turn,avg_within,avg_between,count_within,count_between
34,1,3.4548516998501713,3.0280215969838395,22,69
34,2,3.7096238259494645,2.9784706383013533,22,69
34,3,3.8297990874618155,3.3849111762763715,22,69
34,4,3.851086228341867,3.542857443607926,22,69
34,5,3.498155791804139,3.5040753502664197,22,69
34,6,3.3679243739825635,3.293763867133661,22,69
34,7,3.5697711181465532,3.3970272331033913,22,69
34,8,3.145103678347371,2.7618037243692384,22,69
