run_id,turn,avg_within,avg_between,count_within,count_between
96,1,3.7959839938038953,3.2171957971431318,10,81
96,2,3.4296191663569195,3.3442954870745565,10,81
96,3,3.8991149794486892,3.607732687399728,10,81
96,4,3.5649391741613834,3.3465178613395885,10,81
96,5,3.7135685203278506,3.184954486357768,10,81
96,6,3.771857207232382,3.241774255140095,10,81
96,7,3.8549859899885326,3.717983393614436,10,81
96,8,3.815802794084013,3.581194162515907,10,81
