run_id,turn,avg_within,avg_between,count_within,count_between
46,1,3.989634408424935,3.7192360455815296,20,71
46,2,3.928297027744699,3.726693608403944,20,71
46,3,4.001550426644289,3.6086428254117138,20,71
46,4,4.006866866887828,3.734346848414407,20,71
46,5,3.662042363396347,3.5235691215614673,20,71
46,6,3.5707193221786384,3.594660497369735,20,71
46,7,3.2108325620981346,3.1953598074882925,20,71
46,8,2.999035371253644,2.806763609948642,20,71
