run_id,turn,avg_within,avg_between,count_within,count_between
42,1,3.6246466176555483,3.290624173498402,22,68
42,2,3.6259662609696366,3.6493751270854005,22,69
42,3,3.75167258397954,3.270055517507171,22,69
42,4,3.725948295760348,3.5434325199265873,22,69
42,5,3.0180544321238654,3.1500550881364697,22,69
42,6,3.1096516658852065,3.1737844604453067,22,69
42,7,3.6901554825521785,3.4589102085541317,22,69
42,8,3.981578853645806,3.931111753282062,22,69
