run_id,turn,avg_within,avg_between,count_within,count_between
80,1,3.921376071100178,3.561559101142993,20,71
80,2,3.5907169454016605,3.2864485006570656,20,71
80,3,3.4056660984962805,3.405248199391516,20,71
80,4,3.707502263663573,3.5589955062108785,20,71
80,5,3.8522177174760253,3.8786370974427786,20,71
80,6,3.7832051861712523,3.7496527337287913,20,71
80,7,3.200102760744175,3.2089785892646048,20,71
80,8,3.760483953120609,3.4368421970393292,20,71
