run_id,turn,avg_within,avg_between,count_within,count_between
56,1,3.7947236317549846,3.4911066137999796,16,75
56,2,3.808147870095356,3.653948264929614,16,75
56,3,3.8906627745187703,3.7320045282328578,16,75
56,4,3.840234779467896,3.6217483583473933,16,75
56,5,3.960282038349687,3.904564826882056,16,75
56,6,3.9764337747692804,3.8099429491254053,16,75
56,7,3.7955929939873974,3.6488094292996394,16,75
56,8,3.3421530416571072,3.4827338528615086,16,75
