run_id,turn,avg_within,avg_between,count_within,count_between
4,1,3.4482776198019933,3.4500258331101716,22,69
4,2,3.825764892174981,3.7747534510358483,22,69
4,3,3.779056038312385,3.605967336050272,22,69
4,4,3.6271304532357935,3.763099050717672,22,69
4,5,3.997728288969948,3.9083549762372183,22,69
4,6,3.7935397216614173,3.3413428724725436,22,69
4,7,3.7291574567510257,3.447057412862088,22,69
4,8,3.71422106186932,3.7240123893501687,22,69
