run_id,turn,avg_within,avg_between,count_within,count_between
6,1,3.5703956310665417,3.419324125733138,16,75
6,2,3.388478376421541,3.1394548404339515,16,75
6,3,3.5238246389175827,3.297085449371295,16,75
6,4,3.2347025108958474,3.3875672506317906,16,75
6,5,3.0767433373199404,3.2190913003098243,16,75
6,6,3.2817180159414225,3.2315670734859308,16,75
6,7,3.368824278684134,3.1368984342879256,16,74
6,8,3.5370828950949766,3.2692702059621954,16,75
