run_id,turn,avg_within,avg_between,count_within,count_between
13,1,2.9240530746010296,2.6529173033852294,18,73
13,2,3.3538479570418827,2.8440910955059224,18,73
13,3,3.7519934841334717,3.413606364124288,18,73
13,4,3.412823989772983,3.2093062299010855,18,73
13,5,3.4659778102327476,3.3519585186331,18,73
13,6,3.8756083516836264,3.61284490632132,18,73
13,7,3.6123313773584544,3.1986716924310503,18,73
13,8,3.648537383413725,3.405721839184809,18,73
