run_id,turn,avg_within,avg_between,count_within,count_between
76,1,3.7973000039937204,3.5271169178452486,16,75
76,2,3.9883363519534814,3.6339388900590763,16,75
76,3,3.9982122594757743,3.5806844455502422,16,75
76,4,4.008514607471261,3.758517319924728,16,75
76,5,3.9815533258129596,3.7577755307967764,16,75
76,6,3.8967549115405844,3.7078568528502007,16,75
76,7,3.960483487882887,3.751178329161271,16,75
76,8,3.854141832795926,3.812886959327647,16,75
