run_id,turn,avg_within,avg_between,count_within,count_between
79,1,3.3851423551294846,3.411660527207408,22,69
79,2,3.7757962480878073,3.5848316606723323,22,69
79,3,3.752791127996447,2.994165754130475,22,69
79,4,3.761599968844389,3.398500607075714,22,69
79,5,3.908744570612339,3.631629793641434,22,69
79,6,3.9261648001598384,3.459562995162266,22,69
79,7,3.9370067751429163,3.4772647113792408,22,69
79,8,3.669344591580429,3.2067975876891253,22,69
