run_id,turn,avg_within,avg_between,count_within,count_between
77,1,3.4100940292299686,3.2707445710199323,22,69
77,2,3.014359049535918,2.5882880264210377,22,69
77,3,3.3391763251027085,2.841157599401962,22,69
77,4,3.5666197462786258,3.291980728737996,22,69
77,5,3.4283705963879907,3.398796600903064,22,68
77,6,3.3535698731935586,2.8934355957277864,22,69
77,7,3.520117489977439,3.300567058308308,22,69
77,8,3.5792922520930457,3.128681806412899,22,69
