run_id,turn,avg_within,avg_between,count_within,count_between
10,1,3.5945113960418156,3.3543010136666336,22,69
10,2,3.3965767952360095,3.312122534986462,22,69
10,3,3.363624957548321,3.190548635216658,22,68
10,4,3.6647085354849214,3.450005058456476,22,69
10,5,3.3431191670599887,3.3880509047829355,22,69
10,6,3.5773039508944278,3.4105818471817684,22,69
10,7,3.92841856558974,3.7231681619827883,22,69
10,8,3.230433891213448,3.134084339093606,22,69
