run_id,turn,avg_within,avg_between,count_within,count_between
39,1,3.5570171306919844,3.4610159065823165,20,70
39,2,3.8233398317832377,3.395749801940878,20,71
39,3,3.8731256769385403,3.4367720149805687,20,71
39,4,3.5728799252443215,2.920075121285951,20,71
39,5,3.3556586107908433,3.229245775826586,19,71
39,6,3.73909100215311,3.2691244908716146,20,71
39,7,3.851747946826511,3.7562673156574182,20,71
39,8,3.504997506183156,3.493517470147826,20,71
