run_id,turn,avg_within,avg_between,count_within,count_between
92,1,3.6035319109510544,3.611953772714639,20,71
92,2,3.424174453989609,3.492021423771387,20,71
92,3,3.752417539039854,3.6464411692482965,20,71
92,4,3.91690857719538,3.6795550633315,20,71
92,5,3.713608718002604,3.564395603834558,20,71
92,6,3.857096361492934,3.5234904499999935,20,71
92,7,3.787072919290136,3.3630028538260843,20,71
92,8,3.9852662325977306,3.8626809815664043,20,71
