run_id,turn,avg_within,avg_between,count_within,count_between
25,1,3.491426714283966,3.2144134632612285,18,73
25,2,3.8315508824068494,3.51783059823455,18,73
25,3,3.9218296250590643,3.675778265729888,18,73
25,4,3.8265005103513943,3.7979830860273376,18,73
25,5,3.432794662548639,3.000227875442558,18,73
25,6,3.9219518194971292,3.6637615402445953,18,73
25,7,3.7544407889076856,3.5986633874343643,18,73
25,8,3.390776129320349,3.0739023119883284,18,73
