run_id,turn,avg_within,avg_between,count_within,count_between
53,1,4.014137873104819,3.7279315525925063,10,81
53,2,3.9825312397954256,3.711793003687528,10,81
53,3,3.951825067251369,3.8404489185819326,10,81
53,4,3.7848608143999156,3.6689875965390515,10,81
53,5,3.632386768764433,3.77690550605664,10,81
53,6,4.000980571002257,3.7052738587815433,10,81
53,7,3.7082697584627367,3.3102032051091754,10,81
53,8,3.759269876420408,3.3525704984507176,10,81
