run_id,turn,avg_within,avg_between,count_within,count_between
31,1,3.859861322596078,3.2293375741687935,14,77
31,2,3.4571611997926306,3.078625395182235,14,77
31,3,3.6670499295663985,3.315822279590209,14,77
31,4,3.799745912911116,3.509470584557601,14,77
31,5,3.976246907736344,3.6190004897374246,14,77
31,6,3.869068588256607,3.5815122448437027,14,77
31,7,3.898821616163055,3.819581053765729,14,77
31,8,3.3263961639760633,3.4138959878396227,14,77
