run_id,turn,avg_within,avg_between,count_within,count_between
71,1,3.827424422743034,3.355619301588939,18,73
71,2,3.991972032175868,3.243144481623072,18,73
71,3,4.017425442974417,3.273062467353033,18,73
71,4,3.968853420640127,3.5495146473348336,18,73
71,5,3.8872036886971832,3.613825225860539,18,73
71,6,3.930616456465136,3.6753845886401377,18,73
71,7,4.022909118943482,3.5649956918316525,18,73
71,8,4.026674179963073,3.561785477560322,18,73
