run_id,turn,avg_within,avg_between,count_within,count_between
84,1,3.6478835082059486,3.160599882669719,22,69
84,2,3.5449856880453323,3.3513358959227504,22,69
84,3,3.6287501112889857,3.5386392091845913,22,68
84,4,3.6960579616005322,3.497607791161451,22,69
84,5,3.9737423684108135,3.8396929391960954,22,69
84,6,3.9883430722308857,3.300421974403605,22,69
84,7,3.992024641518836,3.4580751876582703,22,69
84,8,3.2964546807114874,2.8652891302597814,22,69
