run_id,turn,avg_within,avg_between,count_within,count_between
54,1,3.8641412711350687,3.6457406568222708,16,75
54,2,3.702981680265084,3.660645756797534,16,75
54,3,3.5430971334924664,3.285969891689759,16,75
54,4,3.8556740322941607,3.68283228755195,16,75
54,5,3.8975829404498876,3.6882780500798784,16,75
54,6,3.880221976064881,3.576867993278798,16,75
54,7,3.6134092831991316,3.670517453823839,16,75
54,8,3.9665284670583456,3.6691768518443086,16,75
