run_id,turn,avg_within,avg_between,count_within,count_between
43,1,3.6802154035115575,3.068165526003765,18,73
43,2,3.85844113719883,3.5901054857927366,18,73
43,3,3.9884038676092826,3.600655002892068,18,73
43,4,3.7643531506282946,3.441545750819878,18,73
43,5,3.564556035448101,3.4008202650199184,18,72
43,6,3.8258796197291596,3.772830435647033,18,73
43,7,3.9550281655345336,3.7725796550241153,18,73
43,8,3.289809909162869,3.1644145888136177,18,73
