run_id,turn,avg_within,avg_between,count_within,count_between
38,1,3.394816806802568,3.4141525152482033,22,69
38,2,3.760759140730917,3.6380352298575898,22,69
38,3,3.8300074901184726,3.3380041826277496,22,69
38,4,3.632249683909869,3.2669425393496367,22,69
38,5,3.8687146932087826,3.5595382346668965,22,69
38,6,3.5819764597942423,3.297438319108693,22,69
38,7,3.4461111650548135,3.1305632028890673,22,69
38,8,3.767860320882836,3.3694504442581557,22,69
