run_id,turn,avg_within,avg_between,count_within,count_between
100,1,3.5184516861888016,3.6475788609707607,14,77
100,2,3.5065333187937635,3.3303992782357645,14,77
100,3,3.995677596307391,3.6896509706089615,14,77
100,4,3.7263045643168042,3.7253515323308886,14,77
100,5,4.033809320367758,3.6919143108852683,14,77
100,6,4.00934354510983,3.585844331073296,14,77
100,7,4.013288682608931,3.6026130412618715,14,77
100,8,4.021678215419987,3.77665560200191,14,77
