run_id,turn,avg_within,avg_between,count_within,count_between
2,1,3.8245806232478565,3.639372247927911,26,65
2,2,3.655844640961362,3.660904901479582,26,65
2,3,3.333257280349471,3.380087414730394,26,65
2,4,3.7013804339483483,3.551875098960935,26,65
2,5,3.687017358831954,3.695146538130178,26,65
2,6,3.4724933692133844,3.335786956390406,26,65
2,7,3.6130341318249033,3.354203513156831,26,65
2,8,2.527211973982962,2.4904567969693376,26,65
