run_id,turn,avg_within,avg_between,count_within,count_between
58,1,3.512691089442062,3.307862247348992,22,69
58,2,3.38585430081818,3.140761368399301,22,69
58,3,3.5109440565873458,3.144457651608904,22,69
58,4,3.1290184035206603,2.950082909625516,22,69
58,5,3.6597237527072424,3.664834370219387,22,69
58,6,3.9381403049453225,3.599268537796069,22,67
58,7,3.8814162424499496,3.5827790290853376,22,69
58,8,3.746284601559024,3.6485306973590683,22,69
