run_id,turn,avg_within,avg_between,count_within,count_between
32,1,3.902110355519286,3.623527970308867,14,77
32,2,3.8144515646099295,3.613883453993891,14,77
32,3,3.8078049600485335,3.6915307768714793,14,77
32,4,3.9876444836241025,3.8595079332765962,14,77
32,5,3.917498485017688,3.699494396606493,14,77
32,6,3.9689810227794946,3.8378934514422864,14,77
32,7,4.00832689699563,3.8916947363625396,14,77
32,8,3.830045723260895,3.5948697079263474,14,77
