run_id,turn,avg_within,avg_between,count_within,count_between
65,1,3.6052442311001354,3.1439594182573383,22,69
65,2,3.681783605129243,3.177815167439904,22,69
65,3,3.4215224860487647,3.488296225735493,22,69
65,4,3.4797059709019966,3.0829504183776715,22,69
65,5,3.3026732645160384,3.174590753864485,22,69
65,6,3.401156966949205,3.421524174754663,22,69
65,7,3.7305152883098502,3.688366062604358,22,69
65,8,3.0969006297961723,3.139357716601945,22,69
