run_id,turn,avg_within,avg_between,count_within,count_between
67,1,3.651789807420788,3.398010612652853,15,76
67,2,3.9725071029765866,3.5957977852876124,15,76
67,3,3.6037473213512072,3.344575393687249,15,76
67,4,3.9249278858888887,3.5589947336636185,15,75
67,5,3.900533377714782,3.2909854033865176,15,76
67,6,3.918188860061674,3.573936981293013,15,76
67,7,3.7238314057011874,3.195042310875264,15,76
67,8,3.180788879225475,2.8070802381444717,15,76
