run_id,turn,avg_within,avg_between,count_within,count_between
88,1,3.9031190597920107,3.4641263047085036,15,76
88,2,3.841047395551814,3.6510444290388038,15,76
88,3,3.9126803928431744,3.764460515470736,15,76
88,4,3.9495099360402453,3.779399537820303,15,76
88,5,4.027123551700503,3.7531678958286183,15,76
88,6,3.9751099453849945,3.706355600354329,15,76
88,7,3.7830389741745236,3.489828778320185,15,76
88,8,3.981469626051786,3.5314174903602966,15,76
