run_id,turn,avg_within,avg_between,count_within,count_between
62,1,3.553912251773763,3.0795845019846095,14,77
62,2,3.4494255873844724,3.415727881974702,14,77
62,3,3.8633535568398174,3.471007271595242,14,77
62,4,3.504903366201681,3.4146312737930513,14,77
62,5,3.79136477423502,3.606634667249323,14,77
62,6,3.5994735108548253,3.279466494668689,14,77
62,7,3.5904346103423164,3.2865180912440546,14,77
62,8,3.9777535140745903,3.4875718110212612,14,77
