run_id,turn,avg_within,avg_between,count_within,count_between
40,1,3.6952447564128934,3.3106489351177273,22,69
40,2,3.5583663665696106,3.272097699209789,22,69
40,3,3.4352066929381095,3.3451418054292135,22,69
40,4,3.4342543560011247,3.3694308116474385,22,69
40,5,3.8487856350520393,3.7863637495065583,22,69
40,6,3.6399918891275047,3.7479757539051306,22,69
40,7,2.8096263624904174,2.9376675372224037,22,68
40,8,3.3877519583150235,3.1897868577985986,22,68
