run_id,turn,avg_within,avg_between,count_within,count_between
24,1,3.3773904887986363,3.4518766411880932,10,81
24,2,3.5591026643812698,3.611178411681003,10,81
24,3,3.7140185268906074,3.3098217704842634,10,81
24,4,3.832247240839854,3.65152473446424,10,81
24,5,3.7073213689448785,3.2642150079804613,10,81
24,6,3.8305907796018106,3.636094299554093,10,81
24,7,3.5866217826667066,3.505615195245904,10,81
24,8,3.8082153449522247,3.252633907054215,10,81
