run_id,turn,avg_within,avg_between,count_within,count_between
60,1,3.567508544202179,3.4925784270401077,32,59
60,2,3.208272266815372,3.3526491181953406,32,59
60,3,3.546179884264492,3.1811306833051045,32,59
60,4,3.3437965457506293,2.911483371447997,32,59
60,5,3.6135518879207726,3.15381120784427,32,59
60,6,3.7125481440915684,3.447551657494659,32,59
60,7,3.4231913127968676,3.142125647883727,32,59
60,8,3.6409429084875855,3.135535408687084,32,59
