run_id,turn,avg_within,avg_between,count_within,count_between
61,1,3.829547990588676,3.626948093054315,16,75
61,2,3.682655288289288,3.5845505241462723,16,75
61,3,3.4741796979777275,3.4901904542171853,16,75
61,4,3.4386418593975514,3.564831450232769,16,75
61,5,3.436280711173045,3.561808720980555,16,75
61,6,3.935062007494723,3.52065870915963,16,75
61,7,3.881281010601553,3.7024088378130515,16,75
61,8,3.8678312731835374,3.6820797922013284,16,75
