run_id,turn,avg_within,avg_between,count_within,count_between
26,1,3.264944305628617,3.141165652136883,14,77
26,2,3.6974026968128646,3.3118569441671504,14,77
26,3,3.494030410999002,3.3020347584397665,14,77
26,4,3.394320572363385,3.08141754009446,14,77
26,5,3.369358002178431,3.3845853028121415,14,77
26,6,3.4968921230284598,2.8215435049434037,14,77
26,7,3.369584114672136,3.044813787124132,14,77
26,8,3.6897691409106876,3.193590883822643,14,77
