run_id,turn,avg_within,avg_between,count_within,count_between
1,1,3.9268740272385543,3.517593050863676,14,77
1,2,3.6744423541897704,3.882115065539432,14,77
1,3,3.932293158618506,3.433434561946928,14,77
1,4,3.783027345743775,3.7070333490605782,14,77
1,5,3.656221281911534,3.577998834792708,14,77
1,6,3.772388195368371,3.386414165026835,14,77
1,7,3.699612921322764,3.244290683950892,14,77
1,8,3.4776273319561435,3.256018910062664,14,77
