run_id,turn,avg_within,avg_between,count_within,count_between
32,1,3.5781773138787245,3.3244167385499996,14,77
32,2,4.019713173214213,3.3993372574493184,14,77
32,3,4.1036162800711855,3.4510099759368384,14,77
32,4,4.272797309847596,3.765496544605929,14,77
32,5,4.269103913868169,3.5533431342903885,14,77
32,6,4.262482435882372,3.6021229612120766,14,77
32,7,3.9261238306813966,3.774867053736828,14,77
32,8,3.975764719063605,3.611953712511023,14,77
