run_id,turn,avg_within,avg_between,count_within,count_between
32,1,2.938067695193972,2.6908959607502845,13,69
32,2,3.7107083791763023,2.6939381293746285,14,69
32,3,3.077878069586882,2.8584101305545797,13,73
32,4,3.8495594730993803,2.9370865211224793,13,72
32,5,3.7916303120080244,2.4870045525619546,13,71
32,6,3.6228491292868696,2.9382758036951797,14,72
32,7,4.1565891324064905,2.8824195097958585,14,62
32,8,3.303451807943202,2.957108660042756,13,72
