run_id,turn,avg_within,avg_between,count_within,count_between
32,1,3.569306714116806,3.248689718354431,14,77
32,2,4.137998823811529,3.591918630441348,14,77
32,3,3.990568869367965,3.685199180875928,14,76
32,4,4.292567766908893,3.8544719931567437,14,77
32,5,4.144191167225154,3.549087645357122,14,77
32,6,4.159835065772493,3.6303538133054087,14,77
32,7,3.783555928498544,3.74577359421913,14,77
32,8,4.149310004483156,3.6413566346843607,14,77
