run_id,turn,avg_within,avg_between,count_within,count_between
32,1,3.822623840308476,3.1699780407995326,14,76
32,2,4.074397178277928,3.345085206649216,14,76
32,3,4.033651542991358,3.615130639258723,11,56
32,4,4.145345320930582,3.986138890745121,14,77
32,5,4.34972831672471,3.491026629348749,14,77
32,6,4.194955595071169,3.623736443829581,14,76
32,7,4.177255314444701,3.8034286535724635,14,77
32,8,4.093032900873402,3.7025691981408753,14,76
