Metric,Condition_Factor,Condition_Level,Test_Factor,t_value,F_value,df,p_value,partial_eta_sq,N0,N1
adj-CDC Score,Sup,Yes,Sub,-0.3154175475037581,0.0994882292732855,41.361778760999954,0.754030622261173,0.002399546287300514,25,25
adj-CDC Score,Sub,Yes,Sup,-0.9166786515503454,0.8402997502081596,47.085234803333165,0.36398250219319905,0.01753344554288478,25,25
