Metric,Condition_Factor,Condition_Level,Test_Factor,t_value,F_value,df,p_value,partial_eta_sq,N0,N1
CDC Score,Sup,No,Sub,-2.040525636035154,4.16374487131667,24.0,0.05244599773845298,0.14784059756049098,25,25
CDC Score,Sup,Yes,Sub,-1.6148120159909674,2.6076178469888123,29.971230638692816,0.11683157318667028,0.08004020916008919,25,25
CDC Score,Sub,No,Sup,-3.9771073614354235,15.817382964383837,24.0,0.0005582760167028864,0.3972481812411502,25,25
CDC Score,Sub,Yes,Sup,-1.966353681998475,3.86654680270896,34.05523216173584,0.057451230290287335,0.10196111333105463,25,25
