Metric,Condition_Factor,Condition_Level,Test_Factor,t_value,F_value,df,p_value,partial_eta_sq,N0,N1
ID-Ave RD,Sup,No,Sub,0.8771275946163241,0.7693528172374186,97.54227423551475,0.38257254198200097,0.007825654404281178,50,50
ID-Ave RD,Sup,Yes,Sub,0.10966646981961989,0.0120267346026976,97.7293199618692,0.9128987686222901,0.00012304654078530022,50,50
ID-Ave RD,Sub,No,Sup,2.478256637681384,6.141755962211839,95.34634784144505,0.014960777570398221,0.060517003786906255,50,50
ID-Ave RD,Sub,Yes,Sup,1.930230389922248,3.7257893581793935,94.8486966644537,0.056565662017746536,0.03779669069057015,50,50
