Metric,Condition_Factor,Condition_Level,Test_Factor,t_value,F_value,df,p_value,partial_eta_sq,N0,N1
ID-Ave DGT,Sup,No,Sub,-1.0292437663734701,1.0593427306186465,93.41808544146512,0.30602265332685635,0.011212654187507418,50,50
ID-Ave DGT,Sup,Yes,Sub,-1.4447643735959894,2.0873440952122118,96.44840125634973,0.15176514215748166,0.02118362313863721,50,50
ID-Ave DGT,Sub,No,Sup,-0.5208467748780992,0.2712813629009173,96.21270632202862,0.6036701819187837,0.0028116723760090866,50,50
ID-Ave DGT,Sub,Yes,Sup,-0.9500366684548107,0.9025696714087159,97.84769186744091,0.34443432309319777,0.009139921832547587,50,50
