Metric,Condition_Factor,Condition_Level,Test_Factor,t_value,F_value,df,p_value,partial_eta_sq,N0,N1
ID-Ave P,Sup,No,Sub,1.7230937970893418,2.969052233567766,73.44054356851903,0.08907986821874492,0.03885705980251605,50,50
ID-Ave P,Sup,Yes,Sub,0.23375777170274134,0.05464269583143094,91.44347128929824,0.8156955596260813,0.0005972002421854455,50,50
ID-Ave P,Sub,No,Sup,1.8703178992014096,3.4980890440731742,74.16020891518899,0.06538583737010056,0.0450446267301428,50,50
ID-Ave P,Sub,Yes,Sup,0.341854121797996,0.1168642405902791,90.71825005253218,0.7332513294644308,0.0012865535701662835,50,50
