Metric,Condition_Factor,Condition_Level,Test_Factor,t_value,F_value,df,p_value,partial_eta_sq,N0,N1
ID-Ave CDU,Sup,No,Sub,0.7522426733953426,0.565869039676972,42.05040388087012,0.45609549395624116,0.01327823859050196,25,25
ID-Ave CDU,Sup,Yes,Sub,2.3001739959677328,5.290800411726168,42.9759732253514,0.02635681263612889,0.10961578769503419,25,25
ID-Ave CDU,Sub,No,Sup,0.07308175969385461,0.005340943599950312,44.52629992716317,0.942068372144347,0.00011993592635516076,25,25
ID-Ave CDU,Sub,Yes,Sup,1.733552328197896,3.0052036746003457,40.390234153466686,0.09062628878154122,0.06925160397060584,25,25
