Metric,Condition_Factor,Condition_Level,Test_Factor,t_value,F_value,df,p_value,partial_eta_sq,N0,N1
ID-Ave CT,Sup,No,Sub,0.982868867036847,0.9660312097902951,94.13742958059213,0.3281913360885449,0.010157687236214514,50,50
ID-Ave CT,Sup,Yes,Sub,0.8577426414958225,0.735722439040231,97.96463173730898,0.39312820385422553,0.0074541013067258724,50,50
ID-Ave CT,Sub,No,Sup,1.6839707808921762,2.8357575908986057,95.67468379030852,0.09544732653237607,0.028786365700312292,50,50
ID-Ave CT,Sub,Yes,Sup,1.4421371328873753,2.0797595100526194,97.91645295484126,0.1524546827144171,0.020798382846578013,50,50
