Metric,Condition_Factor,Condition_Level,Test_Factor,t_value,F_value,df,p_value,partial_eta_sq,N0,N1
IDIH-RD,Sup,No,Sub,-0.04238551306219539,0.0017965317175455359,94.73708145028365,0.9662805810708175,1.896298284097102e-05,50,50
IDIH-RD,Sup,Yes,Sub,-1.9489913961283398,3.7985674621822954,97.8327967323868,0.05416061806487745,0.03737593696873037,50,50
IDIH-RD,Sub,No,Sup,-0.40937683594697155,0.16758939380995366,97.690930486994,0.6831593325624965,0.0017125682466287556,50,50
IDIH-RD,Sub,Yes,Sup,-2.551201568492009,6.508629443076086,90.97303130662894,0.012404713894287697,0.06676773244341531,50,50
