Metric,Condition_Factor,Condition_Level,Test_Factor,t_value,F_value,df,p_value,partial_eta_sq,N0,N1
IDIH-CDU,Sup,No,Sub,0.40785297905775253,0.16634405252628354,47.36766578384029,0.6852192748379595,0.003499474441540163,25,25
IDIH-CDU,Sup,Yes,Sub,0.7789735463315329,0.6067997858843249,46.45451103512439,0.439945556818926,0.012893813948196328,25,25
IDIH-CDU,Sub,No,Sup,0.5433157048021802,0.29519195508468976,47.841399587253726,0.5894352038006643,0.006132381741757815,25,25
IDIH-CDU,Sub,Yes,Sup,0.8767489246690212,0.768688676908285,45.42247654161063,0.38523654363085924,0.016641465381351826,25,25
