Metric,Condition_Factor,Condition_Level,Test_Factor,t_value,F_value,df,p_value,partial_eta_sq,N0,N1
IDIH-P,Sup,No,Sub,-1.5415071168050907,2.3762441911607435,76.20783276532399,0.12733580507170647,0.030238240152347516,50,50
IDIH-P,Sup,Yes,Sub,-0.7859432029581858,0.617706718276172,97.62353992841597,0.4338042751744382,0.006287651463724281,50,50
IDIH-P,Sub,No,Sup,-2.017290391260565,4.069460522672203,85.99848599489808,0.04678372446989417,0.04518211727940683,50,50
IDIH-P,Sub,Yes,Sup,-0.8766441765398207,0.7685050122611804,96.08749135080808,0.3828663684707586,0.00793451145121055,50,50
