Metric,Condition_Factor,Condition_Level,Test_Factor,t_value,F_value,df,p_value,partial_eta_sq,N0,N1
IDIH-DGT,Sup,No,Sub,0.9417109986933796,0.8868196050600824,97.999244316845,0.34865625559980074,0.008968094895155753,50,50
IDIH-DGT,Sup,Yes,Sub,0.5145232881118954,0.26473421400947655,97.60242073781144,0.6080493272358647,0.002705036374458854,50,50
IDIH-DGT,Sub,No,Sup,0.6195917700973096,0.38389396157231737,95.03947967583659,0.5370091778944355,0.0040230600421972415,50,50
IDIH-DGT,Sub,Yes,Sup,0.05060463768804601,0.0025608293555384066,92.65169786775769,0.9597495044848579,2.7638549933357704e-05,50,50
