Metric,Condition_Factor,Condition_Level,Test_Factor,t_value,F_value,df,p_value,partial_eta_sq,N0,N1
IDIH-CT,Sup,No,Sub,1.083443415735092,1.1738496350997236,97.66420445686204,0.28127921728586175,0.011876494796301233,50,50
IDIH-CT,Sup,Yes,Sub,-0.9988176079012782,0.9976366138536314,95.96146825513863,0.32039504432990396,0.010289251485990955,50,50
IDIH-CT,Sub,No,Sup,2.066121555697998,4.268858282919916,97.42613937611911,0.0414708439030637,0.04197707243410791,50,50
IDIH-CT,Sub,Yes,Sup,-0.0619630018728777,0.003839413601098245,96.42275454188349,0.9507205556409732,3.981695757988417e-05,50,50
