Metric,Condition_Factor,Condition_Level,Test_Factor,t_value,F_value,df,p_value,partial_eta_sq,N0,N1
IDTF-CT,Sup,No,Sub,-0.8187085223080187,0.6702836444997796,96.05221032853828,0.41497933361369443,0.006929966515199918,50,50
IDTF-CT,Sup,Yes,Sub,0.28761549364675537,0.08272267218566678,97.90089543715064,0.7742490257493762,0.0008442500265029978,50,50
IDTF-CT,Sub,No,Sup,-0.38356203434087505,0.1471198341877106,97.12521684529284,0.7021414024843216,0.0015124529666896067,50,50
IDTF-CT,Sub,Yes,Sup,0.7008815357001403,0.4912349270853871,97.97378480894145,0.4850382342905044,0.004988928336198279,50,50
