Metric,Condition_Factor,Condition_Level,Test_Factor,t_value,F_value,df,p_value,partial_eta_sq,N0,N1
IDTF-CDU,Sup,No,Sub,0.8469255282674112,0.7172828504310335,47.17710070245828,0.40131258781558576,0.014976345809711586,25,25
IDTF-CDU,Sup,Yes,Sub,1.0703956584511387,1.1457468656310468,47.97403955880157,0.2897971460006911,0.023325566925941316,25,25
IDTF-CDU,Sub,No,Sup,0.7166513691355699,0.5135891848838869,47.99132254748702,0.47706253476534266,0.010588395412770764,25,25
IDTF-CDU,Sub,Yes,Sup,1.041655285727909,1.085045734284892,47.055105283345526,0.3028940522539704,0.02253930890012195,25,25
