Metric,Condition_Factor,Condition_Level,Test_Factor,t_value,F_value,df,p_value,partial_eta_sq,N0,N1
IDTF-DGT,Sup,No,Sub,0.6358847758471277,0.4043494481541518,90.24678550674095,0.526460836894354,0.004460500669465884,50,50
IDTF-DGT,Sup,Yes,Sub,1.2110633657501078,1.4666744758619792,87.5150197921922,0.22913138782776735,0.016482878730581085,50,50
IDTF-DGT,Sub,No,Sup,0.6616700631571086,0.4378072724783321,97.24760753396684,0.5097474862687269,0.004481807988897909,50,50
IDTF-DGT,Sub,Yes,Sup,1.6974365920435206,2.8812909840083214,97.91709983697447,0.09279046874343684,0.028584692280707865,50,50
