Metric,Condition_Factor,Condition_Level,Test_Factor,t_value,F_value,df,p_value,partial_eta_sq,N0,N1
IDTF-RD,Sup,No,Sub,-1.7284349019661138,2.9874872103346095,94.49420390685933,0.08717655947232358,0.030646649397403334,50,50
IDTF-RD,Sup,Yes,Sub,-0.16006676887824575,0.02562137049912174,97.17369834982176,0.8731607395153601,0.00026359619154582657,50,50
IDTF-RD,Sub,No,Sup,-3.2960515850864547,10.86395605155093,93.3854407733271,0.0013871862626719173,0.10421121255790672,50,50
IDTF-RD,Sub,Yes,Sup,-1.5601068465146362,2.4339333725418424,96.54255436259201,0.12200685488012418,0.02459102589147407,50,50
