Metric,Condition_Factor,Condition_Level,Test_Factor,t_value,F_value,df,p_value,partial_eta_sq,N0,N1
IDTF-P,Sup,No,Sub,-0.29536363137438826,0.0872396747386655,95.12151161010402,0.7683598698569276,0.0009162989069950562,50,50
IDTF-P,Sup,Yes,Sub,0.4008496186279013,0.16068041675413391,97.5786427077427,0.6894072135018666,0.001643968994439065,50,50
IDTF-P,Sub,No,Sup,-1.5547222724693779,2.4171613445123463,91.73573034500309,0.12345557191007828,0.025672725512067448,50,50
IDTF-P,Sub,Yes,Sup,-0.8084704662343033,0.6536244947731118,97.93398748593103,0.4207794101196213,0.00662988464413806,50,50
